{
  "id": "4626531",
  "name": "非机动车监控系统",
  "font_family": "iconfont",
  "css_prefix_text": "icon-",
  "description": "",
  "glyphs": [
    {
      "icon_id": "525992",
      "name": "更多",
      "font_class": "gengduo",
      "unicode": "e611",
      "unicode_decimal": 58897
    },
    {
      "icon_id": "10715436",
      "name": "设置",
      "font_class": "shezhi1",
      "unicode": "e635",
      "unicode_decimal": 58933
    },
    {
      "icon_id": "2249407",
      "name": "abd_leftswitch",
      "font_class": "zuoqiehuan",
      "unicode": "e628",
      "unicode_decimal": 58920
    },
    {
      "icon_id": "2361546",
      "name": "利润-右切",
      "font_class": "lirun-youqie",
      "unicode": "e6d4",
      "unicode_decimal": 59092
    },
    {
      "icon_id": "1104562",
      "name": "设备类_nvr",
      "font_class": "shebeileinvr",
      "unicode": "e9ef",
      "unicode_decimal": 59887
    },
    {
      "icon_id": "4237180",
      "name": "摄像头",
      "font_class": "shexiangtou",
      "unicode": "e621",
      "unicode_decimal": 58913
    },
    {
      "icon_id": "4520330",
      "name": "日志",
      "font_class": "rizhi",
      "unicode": "e60c",
      "unicode_decimal": 58892
    },
    {
      "icon_id": "7323232",
      "name": "系统参数",
      "font_class": "xitongcanshu",
      "unicode": "e6bb",
      "unicode_decimal": 59067
    },
    {
      "icon_id": "17484237",
      "name": "硬件探针",
      "font_class": "yingjiantanzhen",
      "unicode": "e8a8",
      "unicode_decimal": 59560
    },
    {
      "icon_id": "5930987",
      "name": "单点信号交叉口进口转向流量预测模型",
      "font_class": "lukou",
      "unicode": "e613",
      "unicode_decimal": 58899
    },
    {
      "icon_id": "6891182",
      "name": "监控大屏",
      "font_class": "jiankongdaping",
      "unicode": "e6e0",
      "unicode_decimal": 59104
    },
    {
      "icon_id": "10615256",
      "name": "车辆管理",
      "font_class": "cheliangguanli",
      "unicode": "e603",
      "unicode_decimal": 58883
    },
    {
      "icon_id": "11884236",
      "name": "predict_log",
      "font_class": "predict_log",
      "unicode": "e720",
      "unicode_decimal": 59168
    },
    {
      "icon_id": "33409031",
      "name": "数智运营-线条 ",
      "font_class": "shuzhiyunying-xiantiao",
      "unicode": "e73b",
      "unicode_decimal": 59195
    },
    {
      "icon_id": "34867183",
      "name": "违章管理",
      "font_class": "weizhangguanli",
      "unicode": "e63c",
      "unicode_decimal": 58940
    },
    {
      "icon_id": "35994787",
      "name": "设备管理",
      "font_class": "shebeiguanli",
      "unicode": "e765",
      "unicode_decimal": 59237
    },
    {
      "icon_id": "12103028",
      "name": "筛选",
      "font_class": "shaixuan",
      "unicode": "e61d",
      "unicode_decimal": 58909
    },
    {
      "icon_id": "12974857",
      "name": "筛选",
      "font_class": "shaixuan1",
      "unicode": "e62b",
      "unicode_decimal": 58923
    },
    {
      "icon_id": "5460561",
      "name": "软件开发包",
      "font_class": "ruanjiankaifabao",
      "unicode": "ec2e",
      "unicode_decimal": 60462
    },
    {
      "icon_id": "5961331",
      "name": "js",
      "font_class": "js",
      "unicode": "ec68",
      "unicode_decimal": 60520
    },
    {
      "icon_id": "4485668",
      "name": "刷新",
      "font_class": "shuaxin",
      "unicode": "e602",
      "unicode_decimal": 58882
    },
    {
      "icon_id": "949554",
      "name": "帮助中心",
      "font_class": "bangzhuzhongxin",
      "unicode": "e652",
      "unicode_decimal": 58962
    },
    {
      "icon_id": "1275451",
      "name": "公告",
      "font_class": "gonggao",
      "unicode": "e678",
      "unicode_decimal": 59000
    },
    {
      "icon_id": "2019061",
      "name": "搜索",
      "font_class": "sousuo",
      "unicode": "e7a8",
      "unicode_decimal": 59304
    },
    {
      "icon_id": "1304879",
      "name": "帮助",
      "font_class": "bangzhu1",
      "unicode": "e620",
      "unicode_decimal": 58912
    },
    {
      "icon_id": "3069810",
      "name": "警告",
      "font_class": "warning",
      "unicode": "e605",
      "unicode_decimal": 58885
    },
    {
      "icon_id": "4550335",
      "name": "警告",
      "font_class": "jinggao1",
      "unicode": "e60f",
      "unicode_decimal": 58895
    },
    {
      "icon_id": "7720059",
      "name": "成功",
      "font_class": "chenggong1",
      "unicode": "e60a",
      "unicode_decimal": 58890
    },
    {
      "icon_id": "1314419",
      "name": "设置",
      "font_class": "shezhi",
      "unicode": "e606",
      "unicode_decimal": 58886
    },
    {
      "icon_id": "1727543",
      "name": "310向下、展开-线性圆框",
      "font_class": "xiangxiazhankai",
      "unicode": "e8f2",
      "unicode_decimal": 59634
    },
    {
      "icon_id": "18309266",
      "name": "用户管理",
      "font_class": "yonghuguanli1",
      "unicode": "e60b",
      "unicode_decimal": 58891
    },
    {
      "icon_id": "6866628",
      "name": "用户管理",
      "font_class": "yonghuguanli",
      "unicode": "e601",
      "unicode_decimal": 58881
    },
    {
      "icon_id": "5320519",
      "name": "太阳",
      "font_class": "taiyang",
      "unicode": "e62e",
      "unicode_decimal": 58926
    },
    {
      "icon_id": "20009239",
      "name": "moon月亮",
      "font_class": "moonyueliang",
      "unicode": "e6dd",
      "unicode_decimal": 59101
    },
    {
      "icon_id": "1567359",
      "name": "向左",
      "font_class": "xiangzuo",
      "unicode": "e661",
      "unicode_decimal": 58977
    },
    {
      "icon_id": "35184372",
      "name": "向左-copy",
      "font_class": "xiangzuo1",
      "unicode": "e600",
      "unicode_decimal": 58880
    },
    {
      "icon_id": "13604669",
      "name": "全屏",
      "font_class": "quanping",
      "unicode": "e658",
      "unicode_decimal": 58968
    },
    {
      "icon_id": "38472618",
      "name": "取消全屏",
      "font_class": "quxiaoquanping",
      "unicode": "e669",
      "unicode_decimal": 58985
    },
    {
      "icon_id": "960483",
      "name": "向上",
      "font_class": "xiangshang",
      "unicode": "e807",
      "unicode_decimal": 59399
    },
    {
      "icon_id": "8370794",
      "name": "home",
      "font_class": "home",
      "unicode": "e608",
      "unicode_decimal": 58888
    }
  ]
}
